severity_max,oblasts,people_in_need,planned_reach,average_response_coverage
5,8,3993266,3028538,0.7721519148413665
3,16,1279863,471381,0.34600017683442374
